{
  "results": {
    "BaselineCE": 0.8043478260869565,
    "LabelSmoothing": 0.7018633540372671,
    "SCE": 0.8090062111801242,
    "GCE": 0.8291925465838509,
    "GMMReweight": 0.8090062111801242,
    "ConfidentLearning": 0.8400621118012422
  },
  "n_samples": 433,
  "noise_rate": 0.13856812933025403,
  "n_errors": 60
}