{
  "results": {
    "BaselineCE": 0.7934782608695652,
    "LabelSmoothing": 0.6925465838509317,
    "SCE": 0.7888198757763976,
    "GCE": 0.8074534161490683,
    "GMMReweight": 0.8043478260869565,
    "ConfidentLearning": 0.8478260869565217
  },
  "n_samples": 433,
  "noise_rate": 0.13856812933025403,
  "n_errors": 60
}