{
  "results": {
    "BaselineCE": 0.8074534161490683,
    "LabelSmoothing": 0.6956521739130435,
    "SCE": 0.7950310559006211,
    "GCE": 0.843167701863354,
    "GMMReweight": 0.7950310559006211,
    "ConfidentLearning": 0.8385093167701864
  },
  "n_samples": 433,
  "noise_rate": 0.13856812933025403,
  "n_errors": 60
}