{
  "results": {
    "BaselineCE": 0.812111801242236,
    "LabelSmoothing": 0.6909937888198758,
    "SCE": 0.8074534161490683,
    "GCE": 0.8416149068322981,
    "GMMReweight": 0.812111801242236,
    "ConfidentLearning": 0.8338509316770186
  },
  "n_samples": 433,
  "noise_rate": 0.13856812933025403,
  "n_errors": 60
}