{
  "results": {
    "clean": {
      "BaselineCE": 0.9083850931677019,
      "LabelSmoothing": 0.8555900621118012,
      "SCE": 0.9114906832298136,
      "GCE": 0.9192546583850931,
      "GMMReweight": 0.9099378881987578,
      "ConfidentLearning": 0.9192546583850931
    },
    "human": {
      "BaselineCE": 0.8711180124223602,
      "LabelSmoothing": 0.8711180124223602,
      "SCE": 0.9270186335403726,
      "GCE": 0.9161490683229814,
      "GMMReweight": 0.9114906832298136,
      "ConfidentLearning": 0.9192546583850931
    },
    "uniform_30": {
      "BaselineCE": 0.5869565217391305,
      "LabelSmoothing": 0.7360248447204969,
      "SCE": 0.8183229813664596,
      "GCE": 0.8944099378881988,
      "GMMReweight": 0.7360248447204969,
      "ConfidentLearning": 0.8074534161490683
    },
    "asymmetric_30": {
      "BaselineCE": 0.6242236024844721,
      "LabelSmoothing": 0.6708074534161491,
      "SCE": 0.796583850931677,
      "GCE": 0.8726708074534162,
      "GMMReweight": 0.7220496894409938,
      "ConfidentLearning": 0.7422360248447205
    }
  },
  "noise_rates": {
    "clean": 0.0,
    "human": 0.016335420637081405,
    "uniform_30": 0.30274979580724204,
    "asymmetric_30": 0.232507487067792
  },
  "classes": [
    "daisy",
    "dandelion",
    "rose",
    "sunflower",
    "tulip"
  ],
  "label_sets": [
    "clean",
    "human",
    "uniform_30",
    "asymmetric_30"
  ]
}