{
  "results": {
    "clean": {
      "BaselineCE": 0.8990683229813664,
      "LabelSmoothing": 0.8416149068322981,
      "SCE": 0.9114906832298136,
      "GCE": 0.9208074534161491,
      "GMMReweight": 0.9037267080745341,
      "ConfidentLearning": 0.906832298136646
    },
    "human": {
      "BaselineCE": 0.8881987577639752,
      "LabelSmoothing": 0.8586956521739131,
      "SCE": 0.9208074534161491,
      "GCE": 0.9208074534161491,
      "GMMReweight": 0.8990683229813664,
      "ConfidentLearning": 0.9192546583850931
    },
    "uniform_30": {
      "BaselineCE": 0.6832298136645962,
      "LabelSmoothing": 0.6459627329192547,
      "SCE": 0.7934782608695652,
      "GCE": 0.8944099378881988,
      "GMMReweight": 0.7282608695652174,
      "ConfidentLearning": 0.7981366459627329
    },
    "asymmetric_30": {
      "BaselineCE": 0.6940993788819876,
      "LabelSmoothing": 0.7484472049689441,
      "SCE": 0.7763975155279503,
      "GCE": 0.7251552795031055,
      "GMMReweight": 0.7577639751552795,
      "ConfidentLearning": 0.7484472049689441
    }
  },
  "noise_rates": {
    "clean": 0.0,
    "human": 0.016335420637081405,
    "uniform_30": 0.30274979580724204,
    "asymmetric_30": 0.232507487067792
  },
  "classes": [
    "daisy",
    "dandelion",
    "rose",
    "sunflower",
    "tulip"
  ],
  "label_sets": [
    "clean",
    "human",
    "uniform_30",
    "asymmetric_30"
  ]
}