{
  "uniform": {
    "0.0": {
      "BaselineCE": [
        0.9114906832298136,
        0.9177018633540373,
        0.8990683229813664
      ],
      "LabelSmoothing": [
        0.8819875776397516,
        0.8555900621118012,
        0.8633540372670807
      ],
      "SCE": [
        0.9192546583850931,
        0.9208074534161491,
        0.9177018633540373
      ],
      "GCE": [
        0.9239130434782609,
        0.90527950310559,
        0.9145962732919255
      ],
      "GMMReweight": [
        0.9130434782608695,
        0.8990683229813664,
        0.9130434782608695
      ],
      "ConfidentLearning": [
        0.9130434782608695,
        0.9192546583850931,
        0.9177018633540373
      ]
    },
    "0.1": {
      "BaselineCE": [
        0.7763975155279503,
        0.7919254658385093,
        0.7841614906832298
      ],
      "LabelSmoothing": [
        0.8027950310559007,
        0.7888198757763976,
        0.7919254658385093
      ],
      "SCE": [
        0.8540372670807453,
        0.8524844720496895,
        0.8695652173913043
      ],
      "GCE": [
        0.8990683229813664,
        0.9021739130434783,
        0.9130434782608695
      ],
      "GMMReweight": [
        0.8819875776397516,
        0.8385093167701864,
        0.8586956521739131
      ],
      "ConfidentLearning": [
        0.8726708074534162,
        0.8664596273291926,
        0.8571428571428571
      ]
    },
    "0.2": {
      "BaselineCE": [
        0.7127329192546584,
        0.7639751552795031,
        0.7298136645962733
      ],
      "LabelSmoothing": [
        0.6211180124223602,
        0.65527950310559,
        0.6940993788819876
      ],
      "SCE": [
        0.8493788819875776,
        0.843167701863354,
        0.8524844720496895
      ],
      "GCE": [
        0.9006211180124224,
        0.9006211180124224,
        0.9037267080745341
      ],
      "GMMReweight": [
        0.7919254658385093,
        0.8524844720496895,
        0.8229813664596274
      ],
      "ConfidentLearning": [
        0.8400621118012422,
        0.8493788819875776,
        0.8245341614906833
      ]
    },
    "0.3": {
      "BaselineCE": [
        0.6599378881987578,
        0.6459627329192547,
        0.6118012422360248
      ],
      "LabelSmoothing": [
        0.6972049689440993,
        0.6816770186335404,
        0.639751552795031
      ],
      "SCE": [
        0.7763975155279503,
        0.8229813664596274,
        0.7888198757763976
      ],
      "GCE": [
        0.8819875776397516,
        0.8913043478260869,
        0.9006211180124224
      ],
      "GMMReweight": [
        0.6863354037267081,
        0.7593167701863354,
        0.7515527950310559
      ],
      "ConfidentLearning": [
        0.7903726708074534,
        0.7748447204968945,
        0.782608695652174
      ]
    },
    "0.4": {
      "BaselineCE": [
        0.6055900621118012,
        0.5885093167701864,
        0.4798136645962733
      ],
      "LabelSmoothing": [
        0.5015527950310559,
        0.5170807453416149,
        0.5745341614906833
      ],
      "SCE": [
        0.7251552795031055,
        0.7422360248447205,
        0.7267080745341615
      ],
      "GCE": [
        0.8757763975155279,
        0.8462732919254659,
        0.8773291925465838
      ],
      "GMMReweight": [
        0.6428571428571429,
        0.6428571428571429,
        0.59472049689441
      ],
      "ConfidentLearning": [
        0.7624223602484472,
        0.718944099378882,
        0.7375776397515528
      ]
    },
    "0.5": {
      "BaselineCE": [
        0.42391304347826086,
        0.4906832298136646,
        0.5450310559006211
      ],
      "LabelSmoothing": [
        0.5434782608695652,
        0.5636645962732919,
        0.38975155279503104
      ],
      "SCE": [
        0.6521739130434783,
        0.6537267080745341,
        0.6459627329192547
      ],
      "GCE": [
        0.8369565217391305,
        0.8788819875776398,
        0.843167701863354
      ],
      "GMMReweight": [
        0.5822981366459627,
        0.4968944099378882,
        0.5031055900621118
      ],
      "ConfidentLearning": [
        0.6832298136645962,
        0.718944099378882,
        0.7111801242236024
      ]
    }
  },
  "asymmetric": {
    "0.0": {
      "BaselineCE": [
        0.9037267080745341,
        0.9006211180124224,
        0.9130434782608695
      ],
      "LabelSmoothing": [
        0.8757763975155279,
        0.8788819875776398,
        0.8555900621118012
      ],
      "SCE": [
        0.9099378881987578,
        0.90527950310559,
        0.9130434782608695
      ],
      "GCE": [
        0.9114906832298136,
        0.8975155279503105,
        0.9192546583850931
      ],
      "GMMReweight": [
        0.9208074534161491,
        0.9021739130434783,
        0.906832298136646
      ],
      "ConfidentLearning": [
        0.9192546583850931,
        0.9208074534161491,
        0.9192546583850931
      ]
    },
    "0.1": {
      "BaselineCE": [
        0.7748447204968945,
        0.8090062111801242,
        0.8074534161490683
      ],
      "LabelSmoothing": [
        0.8524844720496895,
        0.8043478260869565,
        0.8400621118012422
      ],
      "SCE": [
        0.8695652173913043,
        0.8835403726708074,
        0.8680124223602484
      ],
      "GCE": [
        0.9177018633540373,
        0.90527950310559,
        0.8990683229813664
      ],
      "GMMReweight": [
        0.8757763975155279,
        0.8788819875776398,
        0.8788819875776398
      ],
      "ConfidentLearning": [
        0.8633540372670807,
        0.8664596273291926,
        0.8726708074534162
      ]
    },
    "0.2": {
      "BaselineCE": [
        0.7624223602484472,
        0.6816770186335404,
        0.7111801242236024
      ],
      "LabelSmoothing": [
        0.6413043478260869,
        0.7903726708074534,
        0.7204968944099379
      ],
      "SCE": [
        0.8354037267080745,
        0.84472049689441,
        0.8618012422360248
      ],
      "GCE": [
        0.8990683229813664,
        0.8990683229813664,
        0.8975155279503105
      ],
      "GMMReweight": [
        0.8354037267080745,
        0.8012422360248447,
        0.8757763975155279
      ],
      "ConfidentLearning": [
        0.8369565217391305,
        0.8105590062111802,
        0.8214285714285714
      ]
    },
    "0.3": {
      "BaselineCE": [
        0.6583850931677019,
        0.6972049689440993,
        0.6211180124223602
      ],
      "LabelSmoothing": [
        0.703416149068323,
        0.6257763975155279,
        0.7282608695652174
      ],
      "SCE": [
        0.7437888198757764,
        0.7360248447204969,
        0.7468944099378882
      ],
      "GCE": [
        0.84472049689441,
        0.7127329192546584,
        0.7375776397515528
      ],
      "GMMReweight": [
        0.7360248447204969,
        0.8012422360248447,
        0.6599378881987578
      ],
      "ConfidentLearning": [
        0.7593167701863354,
        0.7360248447204969,
        0.7282608695652174
      ]
    },
    "0.4": {
      "BaselineCE": [
        0.6335403726708074,
        0.59472049689441,
        0.5916149068322981
      ],
      "LabelSmoothing": [
        0.6630434782608695,
        0.5916149068322981,
        0.5698757763975155
      ],
      "SCE": [
        0.7049689440993789,
        0.6459627329192547,
        0.6925465838509317
      ],
      "GCE": [
        0.7437888198757764,
        0.7670807453416149,
        0.7437888198757764
      ],
      "GMMReweight": [
        0.6009316770186336,
        0.734472049689441,
        0.6583850931677019
      ],
      "ConfidentLearning": [
        0.6133540372670807,
        0.687888198757764,
        0.6335403726708074
      ]
    },
    "0.5": {
      "BaselineCE": [
        0.6211180124223602,
        0.5978260869565217,
        0.4922360248447205
      ],
      "LabelSmoothing": [
        0.5605590062111802,
        0.5170807453416149,
        0.5186335403726708
      ],