{
  "uniform": {
    "0.0": {
      "BaselineCE": [
        0.906832298136646,
        0.9099378881987578,
        0.90527950310559
      ],
      "LabelSmoothing": [
        0.8788819875776398,
        0.8540372670807453,
        0.8649068322981367
      ],
      "SCE": [
        0.922360248447205,
        0.9177018633540373,
        0.9145962732919255
      ],
      "GCE": [
        0.906832298136646,
        0.9145962732919255,
        0.9192546583850931
      ],
      "GMMReweight": [
        0.922360248447205,
        0.9254658385093167,
        0.9177018633540373
      ],
      "ConfidentLearning": [
        0.9208074534161491,
        0.9208074534161491,
        0.9177018633540373
      ]
    },
    "0.1": {
      "BaselineCE": [
        0.7857142857142857,
        0.7546583850931677,
        0.7717391304347826
      ],
      "LabelSmoothing": [
        0.8291925465838509,
        0.84472049689441,
        0.7779503105590062
      ],
      "SCE": [
        0.8742236024844721,
        0.8509316770186336,
        0.843167701863354
      ],
      "GCE": [
        0.9037267080745341,
        0.90527950310559,
        0.90527950310559
      ],
      "GMMReweight": [
        0.8850931677018633,
        0.8711180124223602,
        0.843167701863354
      ],
      "ConfidentLearning": [
        0.8773291925465838,
        0.8711180124223602,
        0.8835403726708074
      ]
    },
    "0.2": {
      "BaselineCE": [
        0.7080745341614907,
        0.7158385093167702,
        0.6847826086956522
      ],
      "LabelSmoothing": [
        0.6754658385093167,
        0.7251552795031055,
        0.7950310559006211
      ],
      "SCE": [
        0.8416149068322981,
        0.860248447204969,
        0.8509316770186336
      ],
      "GCE": [
        0.8944099378881988,
        0.9114906832298136,
        0.90527950310559
      ],
      "GMMReweight": [
        0.8742236024844721,
        0.8354037267080745,
        0.8090062111801242
      ],
      "ConfidentLearning": [
        0.8338509316770186,
        0.827639751552795,
        0.8214285714285714
      ]
    },
    "0.3": {
      "BaselineCE": [
        0.6863354037267081,
        0.6490683229813664,
        0.6972049689440993
      ],
      "LabelSmoothing": [
        0.656832298136646,
        0.7329192546583851,
        0.6677018633540373
      ],
      "SCE": [
        0.796583850931677,
        0.8214285714285714,
        0.8059006211180124
      ],
      "GCE": [
        0.8788819875776398,
        0.8866459627329193,
        0.9006211180124224
      ],
      "GMMReweight": [
        0.7577639751552795,
        0.7453416149068323,
        0.703416149068323
      ],
      "ConfidentLearning": [
        0.7872670807453416,
        0.7701863354037267,
        0.7841614906832298
      ]
    },
    "0.4": {
      "BaselineCE": [
        0.5760869565217391,
        0.6180124223602484,
        0.5124223602484472
      ],
      "LabelSmoothing": [
        0.6708074534161491,
        0.59472049689441,
        0.4860248447204969
      ],
      "SCE": [
        0.75,
        0.7267080745341615,
        0.7903726708074534
      ],
      "GCE": [
        0.8757763975155279,
        0.8711180124223602,
        0.860248447204969
      ],
      "GMMReweight": [
        0.7096273291925466,
        0.6490683229813664,
        0.6304347826086957
      ],
      "ConfidentLearning": [
        0.7763975155279503,
        0.7484472049689441,
        0.7888198757763976
      ]
    },
    "0.5": {
      "BaselineCE": [
        0.4161490683229814,
        0.4611801242236025,
        0.5667701863354038
      ],
      "LabelSmoothing": [
        0.532608695652174,
        0.4968944099378882,
        0.4518633540372671
      ],
      "SCE": [
        0.6614906832298136,
        0.6692546583850931,
        0.7158385093167702
      ],
      "GCE": [
        0.8090062111801242,
        0.843167701863354,
        0.8555900621118012
      ],
      "GMMReweight": [
        0.5885093167701864,
        0.5574534161490683,
        0.5403726708074534
      ],
      "ConfidentLearning": [
        0.6583850931677019,
        0.7282608695652174,
        0.7422360248447205
      ]
    }
  },
  "asymmetric": {
    "0.0": {
      "BaselineCE": [
        0.9021739130434783,
        0.9114906832298136,
        0.9161490683229814
      ],
      "LabelSmoothing": [
        0.8571428571428571,
        0.8788819875776398,
        0.8649068322981367
      ],
      "SCE": [
        0.9130434782608695,
        0.8990683229813664,
        0.9130434782608695
      ],
      "GCE": [
        0.9254658385093167,
        0.9208074534161491,
        0.906832298136646
      ],
      "GMMReweight": [
        0.9254658385093167,
        0.9083850931677019,
        0.906832298136646
      ],
      "ConfidentLearning": [
        0.9285714285714286,
        0.9254658385093167,
        0.9099378881987578
      ]
    },
    "0.1": {
      "BaselineCE": [
        0.7763975155279503,
        0.8260869565217391,
        0.8136645962732919
      ],
      "LabelSmoothing": [
        0.7841614906832298,
        0.7950310559006211,
        0.7857142857142857
      ],
      "SCE": [
        0.8462732919254659,
        0.8742236024844721,
        0.8944099378881988
      ],
      "GCE": [
        0.906832298136646,
        0.9037267080745341,
        0.9099378881987578
      ],
      "GMMReweight": [
        0.8850931677018633,
        0.8633540372670807,
        0.8944099378881988
      ],
      "ConfidentLearning": [
        0.8618012422360248,
        0.860248447204969,
        0.8975155279503105
      ]
    },
    "0.2": {
      "BaselineCE": [
        0.7391304347826086,
        0.7686335403726708,
        0.7127329192546584
      ],
      "LabelSmoothing": [
        0.6677018633540373,
        0.7919254658385093,
        0.7888198757763976
      ],
      "SCE": [
        0.8260869565217391,
        0.8586956521739131,
        0.8462732919254659
      ],
      "GCE": [
        0.7546583850931677,
        0.8990683229813664,
        0.9006211180124224
      ],
      "GMMReweight": [
        0.8385093167701864,
        0.7562111801242236,
        0.8059006211180124
      ],
      "ConfidentLearning": [
        0.8090062111801242,
        0.827639751552795,
        0.8322981366459627
      ]
    },
    "0.3": {
      "BaselineCE": [
        0.687888198757764,
        0.6614906832298136,
        0.5869565217391305
      ],
      "LabelSmoothing": [
        0.6940993788819876,
        0.718944099378882,
        0.6770186335403726
      ],
      "SCE": [
        0.7748447204968945,
        0.7717391304347826,
        0.7360248447204969
      ],
      "GCE": [
        0.8571428571428571,
        0.8618012422360248,
        0.8680124223602484
      ],
      "GMMReweight": [
        0.6739130434782609,
        0.782608695652174,
        0.734472049689441
      ],
      "ConfidentLearning": [
        0.7934782608695652,
        0.7375776397515528,
        0.734472049689441
      ]
    },
    "0.4": {
      "BaselineCE": [
        0.5232919254658385,
        0.6459627329192547,
        0.6149068322981367
      ],
      "LabelSmoothing": [
        0.4891304347826087,
        0.4968944099378882,
        0.6630434782608695
      ],
      "SCE": [
        0.7422360248447205,
        0.6770186335403726,
        0.7111801242236024
      ],
      "GCE": [
        0.7515527950310559,
        0.6242236024844721,
        0.7282608695652174
      ],
      "GMMReweight": [
        0.6350931677018633,
        0.6211180124223602,
        0.5636645962732919
      ],
      "ConfidentLearning": [
        0.65527950310559,
        0.6630434782608695,
        0.639751552795031
      ]
    },
    "0.5": {
      "BaselineCE": [
        0.5760869565217391,
        0.5822981366459627,
        0.5372670807453416
      ],
      "LabelSmoothing": [
        0.5838509316770186,
        0.4829192546583851,
        0.48757763975155277
      ],