{
  "uniform": {
    "0.0": {
      "BaselineCE": [
        0.9099378881987578,
        0.9037267080745341,
        0.9006211180124224
      ],
      "LabelSmoothing": [
        0.8571428571428571,
        0.8385093167701864,
        0.8726708074534162
      ],
      "SCE": [
        0.9083850931677019,
        0.922360248447205,
        0.9021739130434783
      ],
      "GCE": [
        0.9161490683229814,
        0.9099378881987578,
        0.9114906832298136
      ],
      "GMMReweight": [
        0.8959627329192547,
        0.90527950310559,
        0.9192546583850931
      ],
      "ConfidentLearning": [
        0.9099378881987578,
        0.9114906832298136,
        0.9145962732919255
      ]
    },
    "0.1": {
      "BaselineCE": [
        0.7531055900621118,
        0.765527950310559,
        0.7701863354037267
      ],
      "LabelSmoothing": [
        0.7670807453416149,
        0.7422360248447205,
        0.7003105590062112
      ],
      "SCE": [
        0.8571428571428571,
        0.8695652173913043,
        0.8509316770186336
      ],
      "GCE": [
        0.8913043478260869,
        0.9006211180124224,
        0.9021739130434783
      ],
      "GMMReweight": [
        0.8819875776397516,
        0.8742236024844721,
        0.8695652173913043
      ],
      "ConfidentLearning": [
        0.8819875776397516,
        0.8307453416149069,
        0.860248447204969
      ]
    },
    "0.2": {
      "BaselineCE": [
        0.7717391304347826,
        0.7670807453416149,
        0.7375776397515528
      ],
      "LabelSmoothing": [
        0.7701863354037267,
        0.7841614906832298,
        0.7531055900621118
      ],
      "SCE": [
        0.8354037267080745,
        0.8338509316770186,
        0.8136645962732919
      ],
      "GCE": [
        0.8975155279503105,
        0.9099378881987578,
        0.9145962732919255
      ],
      "GMMReweight": [
        0.8136645962732919,
        0.827639751552795,
        0.8633540372670807
      ],
      "ConfidentLearning": [
        0.8291925465838509,
        0.8291925465838509,
        0.8059006211180124
      ]
    },
    "0.3": {
      "BaselineCE": [
        0.6319875776397516,
        0.7329192546583851,
        0.6288819875776398
      ],
      "LabelSmoothing": [
        0.5559006211180124,
        0.6599378881987578,
        0.7003105590062112
      ],
      "SCE": [
        0.812111801242236,
        0.7981366459627329,
        0.8059006211180124
      ],
      "GCE": [
        0.8850931677018633,
        0.8804347826086957,
        0.7453416149068323
      ],
      "GMMReweight": [
        0.8090062111801242,
        0.6972049689440993,
        0.6816770186335404
      ],
      "ConfidentLearning": [
        0.7639751552795031,
        0.7996894409937888,
        0.7996894409937888
      ]
    },
    "0.4": {
      "BaselineCE": [
        0.6195652173913043,
        0.6133540372670807,
        0.5512422360248447
      ],
      "LabelSmoothing": [
        0.5807453416149069,
        0.5248447204968945,
        0.656832298136646
      ],
      "SCE": [
        0.7298136645962733,
        0.7531055900621118,
        0.7298136645962733
      ],
      "GCE": [
        0.8680124223602484,
        0.8571428571428571,
        0.8524844720496895
      ],
      "GMMReweight": [
        0.7406832298136646,
        0.6335403726708074,
        0.6863354037267081
      ],
      "ConfidentLearning": [
        0.7701863354037267,
        0.7546583850931677,
        0.7701863354037267
      ]
    },
    "0.5": {
      "BaselineCE": [
        0.4891304347826087,
        0.4829192546583851,
        0.5838509316770186
      ],
      "LabelSmoothing": [
        0.6195652173913043,
        0.6257763975155279,
        0.5559006211180124
      ],
      "SCE": [
        0.6521739130434783,
        0.6739130434782609,
        0.7251552795031055
      ],
      "GCE": [
        0.8385093167701864,
        0.8416149068322981,
        0.8571428571428571
      ],
      "GMMReweight": [
        0.6149068322981367,
        0.5683229813664596,
        0.47360248447204967
      ],
      "ConfidentLearning": [
        0.6661490683229814,
        0.7375776397515528,
        0.7251552795031055
      ]
    }
  },
  "asymmetric": {
    "0.0": {
      "BaselineCE": [
        0.9161490683229814,
        0.9006211180124224,
        0.9006211180124224
      ],
      "LabelSmoothing": [
        0.8245341614906833,
        0.8742236024844721,
        0.8928571428571429
      ],
      "SCE": [
        0.9037267080745341,
        0.9177018633540373,
        0.9208074534161491
      ],
      "GCE": [
        0.9145962732919255,
        0.922360248447205,
        0.9161490683229814
      ],
      "GMMReweight": [
        0.9161490683229814,
        0.9177018633540373,
        0.9006211180124224
      ],
      "ConfidentLearning": [
        0.9208074534161491,
        0.9161490683229814,
        0.9130434782608695
      ]
    },
    "0.1": {
      "BaselineCE": [
        0.7795031055900621,
        0.7919254658385093,
        0.8105590062111802
      ],
      "LabelSmoothing": [
        0.8245341614906833,
        0.7872670807453416,
        0.8012422360248447
      ],
      "SCE": [
        0.8680124223602484,
        0.8664596273291926,
        0.8913043478260869
      ],
      "GCE": [
        0.9145962732919255,
        0.9114906832298136,
        0.9145962732919255
      ],
      "GMMReweight": [
        0.8928571428571429,
        0.8695652173913043,
        0.8400621118012422
      ],
      "ConfidentLearning": [
        0.8711180124223602,
        0.8726708074534162,
        0.8788819875776398
      ]
    },
    "0.2": {
      "BaselineCE": [
        0.6987577639751553,
        0.7049689440993789,
        0.7515527950310559
      ],
      "LabelSmoothing": [
        0.6987577639751553,
        0.7593167701863354,
        0.8136645962732919
      ],
      "SCE": [
        0.84472049689441,
        0.8416149068322981,
        0.8322981366459627
      ],
      "GCE": [
        0.8944099378881988,
        0.9083850931677019,
        0.8990683229813664
      ],
      "GMMReweight": [
        0.8043478260869565,
        0.8711180124223602,
        0.860248447204969
      ],
      "ConfidentLearning": [
        0.8260869565217391,
        0.8291925465838509,
        0.8260869565217391
      ]
    },
    "0.3": {
      "BaselineCE": [
        0.6801242236024845,
        0.6444099378881988,
        0.7049689440993789
      ],
      "LabelSmoothing": [
        0.7111801242236024,
        0.656832298136646,
        0.7158385093167702
      ],
      "SCE": [
        0.7748447204968945,
        0.7531055900621118,
        0.7437888198757764
      ],
      "GCE": [
        0.8680124223602484,
        0.8229813664596274,
        0.8695652173913043
      ],
      "GMMReweight": [
        0.8167701863354038,
        0.8307453416149069,
        0.7018633540372671
      ],
      "ConfidentLearning": [
        0.7593167701863354,
        0.718944099378882,
        0.7531055900621118
      ]
    },
    "0.4": {
      "BaselineCE": [
        0.6304347826086957,
        0.6847826086956522,
        0.59472049689441
      ],
      "LabelSmoothing": [
        0.6055900621118012,
        0.5295031055900621,
        0.5108695652173914
      ],
      "SCE": [
        0.6972049689440993,
        0.6801242236024845,
        0.718944099378882
      ],
      "GCE": [
        0.6273291925465838,
        0.6583850931677019,
        0.6226708074534162
      ],
      "GMMReweight": [
        0.5807453416149069,
        0.75,
        0.6459627329192547
      ],
      "ConfidentLearning": [
        0.5574534161490683,
        0.639751552795031,
        0.6381987577639752
      ]
    },
    "0.5": {
      "BaselineCE": [
        0.5729813664596274,
        0.6180124223602484,
        0.5403726708074534
      ],
      "LabelSmoothing": [
        0.5062111801242236,
        0.39285714285714285,
        0.4083850931677019
      ],